llm,embedding,question,answer,result,reference_llm_eval
Orca13LLM,Orca13Embeddings,What is the name of the company mentioned in the text?,Lufthansa Industry Solutions, The name of the company mentioned in the text is not provided.,Lufthansa Industry Solutions
Orca13LLM,Orca13Embeddings,What can be found on the Lufthansa Industry Solutions website?,"Press releases, interviews, new studies, and photos"," The Lufthansa Industry Solutions website is a platform that provides information and resources for businesses looking to optimize their operations and improve their efficiency. It offers various tools, services, and solutions for industries such as healthcare, finance, and technology.","Press releases, interviews, new studies, and photos"
Orca13LLM,Orca13Embeddings,What do three out of four companies expect a sustainability tool to do?,Three out of four companies expect a sustainability tool to fully automate reporting.," 

A) Provide guidance on how to reduce carbon emissions and waste. 
B) Optimize energy consumption in their operations. 
C) Encourage sustainable practices among employees. 
D) All of the above. 

Explanation: The three out of four companies expect a sustainability tool to do all of the above. Providing guidance on how to reduce carbon emissions and waste, optimizing energy consumption in their operations, and encouraging sustainable practices among employees are all important aspects of a sustainability tool.",Three out of four companies expect a sustainability tool to fully automate reporting.
